epoch,step,val_acc,val_loss
0,6,0.38053098320961,3.232436180114746
