epoch,step,val_acc,val_loss
0,6,0.0,1.5942747592926025
1,13,0.0,1.7479747533798218
2,20,0.0,1.8823437690734863
3,27,0.0,2.022735118865967
4,34,0.0,2.166287422180176
